id,generated
0000aaaa,0.48079157
1111bbbb,0.48079157
2222cccc,0.4807939
