id,generated
0000aaaa,0.6350975
1111bbbb,0.6350975
2222cccc,0.6350975
